turn,trajectory_id,ablation_mode,student_input,final_response,problem_solved,reflection_count,next_agent,emotion,verif_parseable,verif_error_type,verif_problem_solved,verif_answer,orchestrator_instruction,error_detection,math_guidance,premature_answer,state_regression,meta_timing,notes
1,average_10_run1,multi_verifier,I need help with solving 16^(x-2) = (1/8)^(2x + 1),Have you noticed that both 16 and 1/8 can be written as powers of 2? What exponents would you use to express them in that form?,False,0,,confused,False,,False,,The student has just presented the problem 16^(x-2) = (1/8)^(2x + 1). No steps have been taken yet. The first step is to express both bases (16 and 1/8) as powers of the same base number (2). Ask the student to identify what power of 2 equals 16 and what power of 2 equals 1/8.,,,,,,
2,average_10_run1,multi_verifier,"16 can be written as 4^2, and 1/8, I don’t know, I know that 8 can be written as 4 * 2","Try expressing 16 and 8 as powers of 2 instead of 4, since 2 is the common base for both numbers. What exponents of 2 would give you 16 and 8?",False,0,,confused,True,problem_unparseable,False,2,"You correctly identified that 16 is 4 squared, but to solve this equation efficiently, we need to express both 16 and 1/8 as powers of the SAME base. Since 16 is 2 to the power of 4 (2^4) and 8 is 2 to the power of 3 (2^3), can you rewrite 16 and 1/8 using base 2? Remember that 1/8 is the same as 2 to a negative exponent.",,,,,,
3,average_10_run1,multi_verifier,"If I use 2 as base, then 16 = 2^4. I don’t know how to rewrite 1/8, I know 8 = 2^3","Since 8 equals 2 to the third power, what exponent would you use for 2 to represent one-eighth?",False,0,,confused,True,problem_unparseable,False,2,"You correctly identified that 16 = 2^4 and 8 = 2^3. Now, apply the rule for negative exponents to rewrite 1/8 as a power of 2. Specifically, how can you express 1/(2^3) using a negative exponent?",,,,,,
4,average_10_run1,multi_verifier,Negative exponent rule? What should I do?,"Try applying the negative exponent rule to rewrite 1/8 as a power of 2, then express the right side of the equation using that base.",False,0,,confused,False,,False,,"The student correctly identified that 16 = 2^4 and 8 = 2^3. They are now asking how to handle the 1/8 term using negative exponents. Do not solve for x yet. Instead, guide the student to recall the rule that 1/a^n = a^(-n). Ask them to apply this rule to rewrite 1/8 as a power of 2 with a negative exponent, specifically converting (1/8)^(2x+1) into (2^(-3))^(2x+1). Do not perform the exponent multiplication for them; ask them to state the new base and the new exponent expression.",,,,,,
5,average_10_run1,multi_verifier,"I see, you mean 1/8 = 2^(-3), right?","Yes, that is correct. Now, how can you rewrite the entire equation 16^(x-2) = (1/8)^(2x + 1) using these powers of 2?",False,0,,confused,True,problem_unparseable,False,2,"The student has correctly identified that 1/8 can be written as 2^(-3). Now, guide the student to rewrite the entire original equation 16^(x-2) = (1/8)^(2x + 1) using base 2 for both sides, substituting 16 with 2^4 and 1/8 with 2^(-3), without solving for x yet.",,,,,,
6,average_10_run1,multi_verifier,"So the equation is now 2^4(x - 2) = 2^(-3)(2x + 1), what should I do next?","You need parentheses around the entire expressions in the exponents, like 2^(4(x-2)) = 2^(-3(2x+1)). Can you rewrite the equation with the correct grouping?",False,0,,confused,True,problem_unparseable,False,2,"You have correctly identified the bases, but there is a critical formatting error in how you wrote the exponents. In your equation 2^4(x - 2) = 2^(-3)(2x + 1), the parentheses (x-2) and (2x+1) are currently outside the exponent, which changes the meaning of the expression. You need to rewrite the equation so that the entire expressions (x-2) and (2x+1) are clearly inside the exponents of base 2. How should you write the exponents to ensure the entire linear expression is included?",,,,,,
7,average_10_run1,multi_verifier,"So I only keep the exponent, and I get 4(x - 2) = -3(2x + 1)","You've correctly set the exponents equal, but what happens when you apply the distributive property to expand both sides of 4(x - 2) = -3(2x + 1)?",False,0,,confused,True,problem_unparseable,False,-3,"You have correctly set up the equation by equating the exponents: 4(x - 2) = -3(2x + 1). Now, please apply the distributive property to expand both sides of the equation. Be very careful with the negative sign when distributing -3 across (2x + 1). What do you get after expanding both sides?",,,,,,
8,average_10_run1,multi_verifier,"Then I expand, 4x - 2 = -6x +1",Check your distribution again: what do 4 times -2 and -3 times 1 actually equal?,False,0,,confused,True,problem_unparseable,False,-6,"You made a mistake when expanding the expressions. On the left side, 4(x - 2) should be 4x - 8, not 4x - 2. On the right side, -3(2x + 1) should be -6x - 3, not -6x + 1. Please rewrite the equation with the correct distribution on both sides.",,,,,,
9,average_10_run1,multi_verifier,"Got it, then left side is 4x -8","Good start on the left side, but what do you get when you distribute -3 across (2x + 1) on the right?",False,0,,confident,True,problem_unparseable,False,-8,"You correctly identified that the left side expands to 4x - 8. Now, apply the distributive property to the right side of the equation: -3(2x + 1). What is the result of -3 multiplied by 2x, and what is -3 multiplied by 1? Write the fully expanded equation with both sides correct.",,,,,,
10,average_10_run1,multi_verifier,"You are right, I need to multiply 3 and 1 too, so on the right side, -6x + 3","You're close, but remember that multiplying -3 by +1 gives -3, not +3. Can you rewrite the right side correctly and then solve for x?",False,0,,confused,True,problem_unparseable,False,3,"You correctly identified the sign error on the left side (4 * -2 = -8), but you made a sign error on the right side. When distributing -3 across (2x + 1), what is the result of -3 multiplied by +1? Please rewrite the full equation with the correct distribution on both sides.",,,,,,
11,average_10_run1,multi_verifier,"True, I need to distribute the negative too, -6x - 3","Now that you have 4x - 8 = -6x - 3, what is the first step to get all the x terms on one side?",False,0,,confused,True,problem_unparseable,False,3,"You have correctly identified the right side as -6x - 3. Now, write out the full linear equation with the left side (4x - 8) and the right side (-6x - 3) set equal to each other. Once you have the full equation, what is the next step to isolate the variable x?",,,,,,
12,average_10_run1,multi_verifier,So the equation is now 4x - 8 = -6x - 3,"To isolate x, what happens if you add 6x to both sides of the equation?",False,0,,confused,True,problem_unparseable,False,-6,"The student has correctly set up the linear equation 4x - 8 = -6x - 3 based on the previous steps. The current phase is solving for x. Ask the student to move all terms containing x to one side of the equation and the constant terms to the other side, specifically asking what the new equation looks like after adding 6x to both sides.",,,,,,
13,average_10_run1,multi_verifier,"And I move the variable to the left side by adding 6x on the both sides, 10x - 8 = -3","You correctly combined the x-terms on the left, but did you remember to add 6x to the right side as well? What does the equation look like now that the variable is isolated on just one side?",False,0,,confused,True,problem_unparseable,False,-3,"You correctly added 6x to the left side (4x + 6x = 10x), but you forgot to add 6x to the right side as well. The right side was -6x - 3; what does -6x + 6x equal? Please rewrite the full equation with the variable terms isolated on the left and the constant terms on the right.",,,,,,
14,average_10_run1,multi_verifier,"Then move the numbers to the right side by adding 8, 10x = 5","You solved a linear equation, but the original problem involves exponents. How can you rewrite 16 and 1/8 as powers of the same base to solve it?",False,0,,confused,True,problem_unparseable,False,5,"There is a critical error in your current step. You are solving the exponential equation 16^(x-2) = (1/8)^(2x + 1), but you have completely lost the exponential structure and are working with a linear equation (10x = 5) that does not belong to this problem. You have not yet converted the bases 16 and 1/8 to powers of 2. Please restart the process by rewriting 16 as 2^4 and 1/8 as 2^(-3) to set up the correct exponential equation.",,,,,,
15,average_10_run1,multi_verifier,"And x = 10/5, the answer is 2","You solved a linear equation, but the original problem involves exponents. How can you rewrite 16 and 1/8 as powers of the same base to set up the correct equation?",False,0,,confused,True,problem_unparseable,False,2,"The student has incorrectly concluded that x = 2 is the solution. However, the step '10x = 5' was derived from an incorrect setup of the exponents. The student failed to correctly rewrite 16 and 1/8 as powers of the same base (base 2) before equating the exponents. Specifically, 16 is 2^4 and 1/8 is 2^-3. Please guide the student to restart the exponent matching process: Ask them to rewrite 16^(x-2) and (1/8)^(2x+1) using base 2, then set the exponents equal to each other to form the correct linear equation.",,,,,,
16,average_10_run1,multi_verifier,"No, the answer is actually 1/2","If your answer is 1/2, can you show how rewriting 16 and 1/8 as powers of 2 leads to that result?",False,0,,confident,True,problem_unparseable,False,1/2,"The student claims the answer is 1/2, but the previous steps in the conversation show a completely different linear equation (10x = 5) that was derived incorrectly from the original exponential problem. The student has not yet correctly rewritten 16 and 1/8 as powers of the same base (base 2). Do not accept 1/2 as the final answer yet. Instead, guide the student to restart the setup: Ask them to express 16 as a power of 2 and 1/8 as a power of 2, then set the exponents equal to each other to form the correct linear equation.",,,,,,
17,average_10_run1,multi_verifier,Negative exponent can be used to rewrite fractions.,"You're right that negative exponents help with fractions, but can you now rewrite 16 and 1/8 specifically as powers of 2 to set up the equation?",False,0,,confused,False,,False,,"You correctly identified that negative exponents help rewrite fractions. Now, apply this to the specific numbers in the equation: rewrite 16 as a power of 2, and rewrite 1/8 as a power of 2 (using a negative exponent). Once you have both sides expressed with base 2, set the exponents equal to each other to form a linear equation.",,,,,,
18,average_10_run1,multi_verifier,"I forgot to distribute the factors to the second term in the parentheses, and that can cause wrong result.","Since you recognized the distribution error, can you now rewrite the right side as 2 raised to the power of -3 times (2x + 1) and set the exponents equal to solve for x?",False,0,,confused,False,,False,,"You correctly identified that you need to distribute the exponent to both terms inside the parentheses. Let's apply that now to the right side of the equation: (1/8)^(2x + 1). First, rewrite 1/8 as a power of 2 (hint: 1/8 = 2^-3). Then, apply the exponent (2x + 1) to this base. What does the right side look like after you distribute the exponent to the base 2?",,,,,,
